AC1.onnx,prop_vnnlib_AC1_eps_01_purged.vnnlib
AC1.onnx,prop_vnnlib_AC1_eps_001_purged.vnnlib
AC2.onnx,prop_vnnlib_AC2_eps_01_purged.vnnlib
AC2.onnx,prop_vnnlib_AC2_eps_001_purged.vnnlib
AC3.onnx,prop_vnnlib_AC3_eps_01_purged.vnnlib
AC3.onnx,prop_vnnlib_AC3_eps_001_purged.vnnlib
AC4.onnx,prop_vnnlib_AC4_eps_01_purged.vnnlib
AC4.onnx,prop_vnnlib_AC4_eps_001_purged.vnnlib
AC5.onnx,prop_vnnlib_AC5_eps_01_purged.vnnlib
AC5.onnx,prop_vnnlib_AC5_eps_001_purged.vnnlib
AC6.onnx,prop_vnnlib_AC6_eps_01_purged.vnnlib
AC6.onnx,prop_vnnlib_AC6_eps_001_purged.vnnlib
AC7.onnx,prop_vnnlib_AC7_eps_01_purged.vnnlib
AC7.onnx,prop_vnnlib_AC7_eps_001_purged.vnnlib
AC8.onnx,prop_vnnlib_AC8_eps_01_purged.vnnlib
AC8.onnx,prop_vnnlib_AC8_eps_001_purged.vnnlib